variant,description,split,macro_f1,accuracy,weighted_f1,quadratic_weighted_kappa,mean_absolute_error,n_parameters,best_epoch,confusion_matrix
full,Full MRG-VM: MRS guidance + Vision Mamba + landmarks + adaptive fusion,Train,0.5699134199134199,0.6388888888888888,0.6115921115921116,0.7413010590015128,0.4166666666666667,1170884,8,"[[4, 0, 0, 0], [3, 1, 1, 1], [1, 0, 12, 3], [0, 0, 4, 6]]"
full,Full MRG-VM: MRS guidance + Vision Mamba + landmarks + adaptive fusion,Validation,0.3921626984126984,0.4722222222222222,0.45356040564373895,0.20588235294117652,0.75,1170884,8,"[[1, 0, 3, 0], [0, 1, 3, 0], [3, 0, 12, 2], [1, 0, 7, 3]]"
full,Full MRG-VM: MRS guidance + Vision Mamba + landmarks + adaptive fusion,Test,0.28607503607503604,0.4722222222222222,0.42580567580567574,0.17008196721311475,0.75,1170884,8,"[[1, 0, 2, 0], [1, 0, 3, 1], [3, 0, 14, 2], [1, 0, 6, 2]]"
no_mrs_guidance,MRS no longer guides dt or pooling (score removed from the model),Train,0.6121794871794871,0.6388888888888888,0.6331908831908832,0.7338709677419355,0.4444444444444444,1170884,12,"[[4, 0, 0, 0], [3, 2, 0, 1], [2, 0, 9, 5], [0, 0, 2, 8]]"
no_mrs_guidance,MRS no longer guides dt or pooling (score removed from the model),Validation,0.38882273557196156,0.4722222222222222,0.4883415804468436,0.04366812227074235,0.9722222222222222,1170884,12,"[[1, 0, 2, 1], [1, 1, 0, 2], [5, 0, 11, 1], [2, 1, 4, 4]]"
no_mrs_guidance,MRS no longer guides dt or pooling (score removed from the model),Test,0.26120689655172413,0.3611111111111111,0.32365900383141766,0.2522658610271904,0.9166666666666666,1170884,12,"[[1, 0, 2, 0], [1, 0, 2, 2], [4, 0, 5, 10], [1, 0, 1, 7]]"
guide_delta_only,MRS guides dt but pooling is unweighted,Train,0.6121794871794871,0.6388888888888888,0.6331908831908832,0.7338709677419355,0.4444444444444444,1170884,12,"[[4, 0, 0, 0], [3, 2, 0, 1], [2, 0, 9, 5], [0, 0, 2, 8]]"
guide_delta_only,MRS guides dt but pooling is unweighted,Validation,0.38882273557196156,0.4722222222222222,0.4883415804468436,0.04366812227074235,0.9722222222222222,1170884,12,"[[1, 0, 2, 1], [1, 1, 0, 2], [5, 0, 11, 1], [2, 1, 4, 4]]"
guide_delta_only,MRS guides dt but pooling is unweighted,Test,0.26120689655172413,0.3611111111111111,0.32365900383141766,0.2522658610271904,0.9166666666666666,1170884,12,"[[1, 0, 2, 0], [1, 0, 2, 2], [4, 0, 5, 10], [1, 0, 1, 7]]"
guide_pooling_only,MRS weights pooling but dt is unmodulated,Train,0.5699134199134199,0.6388888888888888,0.6115921115921116,0.7413010590015128,0.4166666666666667,1170884,8,"[[4, 0, 0, 0], [3, 1, 1, 1], [1, 0, 12, 3], [0, 0, 4, 6]]"
guide_pooling_only,MRS weights pooling but dt is unmodulated,Validation,0.3921626984126984,0.4722222222222222,0.45356040564373895,0.20588235294117652,0.75,1170884,8,"[[1, 0, 3, 0], [0, 1, 3, 0], [3, 0, 12, 2], [1, 0, 7, 3]]"
guide_pooling_only,MRS weights pooling but dt is unmodulated,Test,0.28607503607503604,0.4722222222222222,0.42580567580567574,0.17008196721311475,0.75,1170884,8,"[[1, 0, 2, 0], [1, 0, 3, 1], [3, 0, 14, 2], [1, 0, 6, 2]]"
no_vision_mamba,Vision Mamba branch removed (landmark geometry only),Train,0.6918181818181819,0.6944444444444444,0.698989898989899,0.6739130434782609,0.3888888888888889,42180,11,"[[2, 1, 1, 0], [0, 4, 0, 2], [0, 0, 11, 5], [0, 0, 2, 8]]"
no_vision_mamba,Vision Mamba branch removed (landmark geometry only),Validation,0.235944976076555,0.3333333333333333,0.2852206273258905,-0.043020193151887653,1.0,42180,11,"[[0, 0, 1, 3], [0, 1, 0, 3], [0, 1, 3, 13], [0, 2, 1, 8]]"
no_vision_mamba,Vision Mamba branch removed (landmark geometry only),Test,0.4071148459383753,0.4722222222222222,0.4668720821661998,0.296875,0.7222222222222222,42180,11,"[[1, 0, 2, 0], [0, 1, 2, 2], [2, 0, 9, 8], [0, 1, 2, 6]]"
no_landmarks,Landmark geometric branch removed (Vision Mamba only),Train,0.31407563025210083,0.3888888888888889,0.38468720821662,0.17821782178217827,1.0833333333333333,1087812,6,"[[3, 0, 1, 0], [3, 0, 3, 0], [6, 0, 7, 3], [5, 0, 1, 4]]"
no_landmarks,Landmark geometric branch removed (Vision Mamba only),Validation,0.1939655172413793,0.3055555555555556,0.2667624521072797,0.07192374350086661,1.4166666666666667,1087812,6,"[[4, 0, 0, 0], [3, 0, 1, 0], [10, 0, 7, 0], [8, 0, 3, 0]]"
no_landmarks,Landmark geometric branch removed (Vision Mamba only),Test,0.052380952380952375,0.08333333333333333,0.059788359788359786,0.004484304932735328,1.8333333333333333,1087812,6,"[[2, 1, 0, 0], [5, 0, 0, 0], [17, 1, 1, 0], [8, 0, 1, 0]]"
concat_fusion,Adaptive gated fusion replaced by plain concatenation,Train,0.4298611111111111,0.5,0.48734567901234566,0.1535508637236085,0.75,1120964,4,"[[1, 0, 1, 2], [0, 1, 1, 4], [0, 1, 10, 5], [0, 0, 4, 6]]"
concat_fusion,Adaptive gated fusion replaced by plain concatenation,Validation,0.341991341991342,0.4722222222222222,0.45418470418470425,0.04974619289340099,0.7777777777777778,1120964,4,"[[0, 1, 1, 2], [0, 1, 1, 2], [0, 0, 10, 7], [1, 0, 4, 6]]"
concat_fusion,Adaptive gated fusion replaced by plain concatenation,Test,0.28716216216216217,0.5,0.4673423423423423,0.10000000000000009,0.7222222222222222,1120964,4,"[[0, 0, 2, 1], [1, 0, 2, 2], [0, 1, 12, 6], [1, 0, 2, 6]]"
