feature,mean_abs_shap,share
yaw_mean,0.02099433613306978,0.04819326679473963
gaze_yaw_mean,0.019661313869106772,0.04513326541135206
geo_nose_chin_dist_mean,0.013818862741513123,0.031721705067520534
geo_brow_eye_right_mean,0.012894765235297992,0.029600405428460812
geo_face_width_std,0.012165741293193174,0.027926904293730095
geo_face_height_max,0.011904361378882452,0.02732689713630821
geo_eye_openness_asymmetry_mean,0.011312558234910763,0.02596839136472214
geo_face_width_max,0.01015334637033448,0.02330737811300263
geo_nose_chin_dist_min,0.010036818556419873,0.02303988425230615
geo_nose_chin_dist_max,0.00995184061592194,0.022844814280475346
ear_max,0.009577188224275734,0.02198478600658999
geo_face_width_mean,0.00893102510483089,0.020501494922225836
geo_brow_eye_right_max,0.008261884471452605,0.01896545811385997
geo_eye_openness_asymmetry_std,0.008019427869230902,0.018408890111759106
geo_face_height_std,0.007412716144346583,0.017016161147169966
geo_face_height_min,0.007305026856425016,0.016768956446299974
geo_brow_eye_right_min,0.007102201467624408,0.01630336334474829
geo_brow_eye_left_mean,0.00706889996972593,0.016226918537791152
geo_face_height_mean,0.00652368763514261,0.014975363673954894
geo_mouth_openness_min,0.006411330174569228,0.014717443011950104
gaze_std_yaw_min,0.0061918150931006685,0.014213538110188564
geo_aspect_ratio_max,0.005555904071045359,0.012753781090515375
geo_brow_eye_left_min,0.005536066286684775,0.012708242730633626
iris_rel_x_mean,0.0054491916645410515,0.012508818856683653
geo_landmark_energy_min,0.005306718719646061,0.012181766998466475
gaze_pitch_max,0.005030604934185839,0.011547937700695569
geo_brow_asymmetry_max,0.004776920763614536,0.01096559640462157
vision_mamba_pc5,0.004337544819846097,0.009956992848547768
iris_rel_x_max,0.0041595462259181445,0.009548390563060592
geo_landmark_energy_max,0.0038970191384779533,0.008945750027743931
yaw_max,0.0038627441222787253,0.008867070473905527
head_std_yaw_min,0.0038506399947621883,0.008839285006290613
vision_mamba_pc7,0.003664544520262086,0.008412096035178064
gaze_yaw_std,0.003663414075619183,0.008409501058136313
geo_face_width_min,0.003595287913185268,0.008253114959472884
geo_brow_asymmetry_mean,0.003521267475552295,0.00808319833641329
geo_aspect_ratio_std,0.0035040113524795516,0.008043586274483042
pitch_mean,0.0034699611513977517,0.007965422791972878
geo_aspect_ratio_mean,0.00345688351149282,0.007935402591048727
pitch_min,0.0034338306096490996,0.007882483811340454
gaze_yaw_max,0.0033515485101939823,0.007693602241266633
vision_mamba_pc2,0.0032792521497817953,0.007527643300552859
ear_normalised_max,0.003233869814282548,0.00742346648883465
geo_mouth_width_mean,0.0032158133910307296,0.007382017308559646
geo_eye_openness_asymmetry_max,0.0032007224352811055,0.007347375467445002
roll_max,0.0031868694814381395,0.007315575505006673
geo_landmark_energy_std,0.0031257883668984955,0.00717536157156906
yaw_std,0.003016913247360888,0.006925434750833821
gaze_dispersion_std,0.0030036086268859794,0.006894893507705869
geo_landmark_energy_mean,0.0029258570395257195,0.006716411893921227
geo_landmark_velocity_max,0.0028005152982458,0.006428685340448296
head_std_pitch_std,0.0027735543997888914,0.006366795611517406
iris_rel_x_min,0.002745096357732826,0.006301469134672846
geo_aspect_ratio_min,0.002602985607273555,0.005975248707035877
gaze_std_yaw_mean,0.002535883531610611,0.00582121343702745
vision_mamba_pc3,0.002495765313195816,0.005729120598695289
geo_landmark_velocity_mean,0.0024088710344535445,0.005529651602304097
gaze_std_pitch_std,0.002166258264894766,0.0049727251123666775
geo_nose_chin_dist_std,0.002104829186917383,0.004831712416125445
vision_mamba_pc6,0.002104334470185421,0.0048305767757651046
gaze_pitch_min,0.002087324808108533,0.004791530474069069
head_std_pitch_min,0.002085359229365238,0.004787018416141576
geo_mouth_openness_max,0.001984789257627457,0.004556156366073522
ear_normalised_mean,0.001963170864386195,0.004506530553352127
head_std_pitch_max,0.0019469370500069044,0.004469265238434878
geo_landmark_velocity_std,0.0018810702155141598,0.004318065509731208
roll_mean,0.001870537314094781,0.00429388684911487
gaze_pitch_mean,0.0018548878159296395,0.004257962853447846
iris_rel_y_min,0.00177475358995402,0.004074011805538798
geo_mouth_width_min,0.0017032421040967748,0.003909854573085144
iris_rel_y_max,0.001694272963323325,0.0038892655822509174
pitch_std,0.0016815694576309183,0.003860104220101519
is_blink_mean,0.0016667529545695502,0.003826092395175232
roll_min,0.0016381132344177316,0.0037603488696141096
iris_rel_y_std,0.0016325601401398443,0.003747601538506601
geo_mouth_openness_mean,0.0015790410823670322,0.003624746583079579
gaze_std_pitch_max,0.0015749095824834493,0.003615262573921589
head_std_yaw_std,0.0015582823679900768,0.0035770941946476073
blink_rate_window_mean,0.00155641352734935,0.0035728042025742913
geo_brow_eye_left_max,0.0014843724131580168,0.0034074311889001714
geo_brow_asymmetry_std,0.001433573639019257,0.0032908207440926936
ear_normalised_min,0.0014306782476139447,0.0032841742671768735
head_std_pitch_mean,0.001408245480827239,0.003232679030183266
vision_mamba_pc1,0.0014003694779424738,0.003214599377371395
vision_mamba_pc8,0.0013965846245919589,0.003205911108014165
gaze_std_yaw_std,0.001391338979159742,0.003193869536981718
ear_mean,0.0013845807515182344,0.0031783557781411265
head_std_yaw_mean,0.0013796223524396825,0.0031669735916241147
geo_mouth_width_max,0.0013792711802981788,0.0031661674631235943
gaze_yaw_min,0.0013450791463822745,0.0030876783981529546
ear_min,0.0013226211084145084,0.0030361251502385284
geo_eye_openness_asymmetry_min,0.0013044834137826194,0.0029944894085367816
blink_rate_window_std,0.001289557463414645,0.002960226343313406
geo_mouth_openness_std,0.0012697761627058957,0.0029148176437212305
ear_normalised_std,0.001267479627775424,0.002909545863756094
gaze_dispersion_max,0.001266605662627351,0.002907539644779537
pitch_max,0.0012502071841204879,0.002869896337332239
yaw_min,0.0012444004575702646,0.002856566784062955
is_blink_std,0.0011715574179838983,0.002689352921301379
head_std_yaw_max,0.0011692781015494372,0.0026841206670238744
gaze_dispersion_min,0.0011685263445302893,0.002682394981278968
geo_brow_asymmetry_min,0.0011620433598534333,0.002667513052735117
iris_rel_y_mean,0.0011400513297438162,0.0026170295429107106
gaze_velocity_max,0.0011316017739962886,0.002597633278515563
head_std_roll_mean,0.0010921185536400938,0.0025069981014620574
geo_mouth_width_std,0.0010747893128917841,0.0024672181952321076
gaze_velocity_mean,0.0010574370251528191,0.0024273853837917985
iris_rel_x_std,0.0010350442327487946,0.0023759819094563337
geo_brow_eye_left_std,0.0010052674973987318,0.0023076283239032527
vision_mamba_pc4,0.0009648273473728562,0.0022147964797780938
ear_std,0.000938378549757693,0.0021540822970676516
head_std_roll_std,0.0009142573763609262,0.002098711260920362
gaze_std_pitch_min,0.000913214283313749,0.002096316802662872
gaze_std_yaw_max,0.000907570597126733,0.002083361514513121
blink_rate_window_max,0.0008380706349666083,0.0019238218083096343
gaze_dispersion_mean,0.0007149589382894181,0.0016412144038215675
gaze_velocity_std,0.000648947282923668,0.0014896822335047904
gaze_pitch_std,0.0005982771026290289,0.0013733669805718537
head_std_roll_min,0.0005929131607788158,0.0013610538557833258
head_std_roll_max,0.0005534035063031384,0.0012703579982413001
gaze_std_pitch_mean,0.0005404049178294752,0.001240519262770188
off_screen_mean,0.0005317899938425489,0.001220743389530531
geo_brow_eye_right_std,0.0005109425084713063,0.0011728872240329646
off_screen_std,0.0004483861421464726,0.0010292867961416848
roll_std,0.00034390960915320974,0.0007894570917671502
is_fixation_mean,0.0003169999289748582,0.0007276849362688098
off_screen_max,0.0002498853903500989,0.0005736210570755057
is_blink_max,0.00018449352562568673,0.00042351163885460594
is_fixation_std,0.0001829853608769428,0.00042004959148878577
off_screen_min,6.410752934652682e-05,0.00014716117936599955
is_fixation_min,2.9135010001855197e-05,6.68804815349742e-05
geo_landmark_velocity_min,0.0,0.0
gaze_velocity_min,0.0,0.0
is_blink_min,0.0,0.0
blink_rate_window_min,0.0,0.0
is_fixation_max,0.0,0.0
